<?xml version="1.0" encoding="ISO-8859-1"?>
<Configuration>

<!-- Common Path Start -->
<XMLLocalFolderPath>D:\Users\username\Documents\Pyramid Process Common\</XMLLocalFolderPath>

<Shared_FilePath>SharedPath\CSS_Pyramid\YYYY\QQ\</Shared_FilePath>

<Temp_FilePath>Temp\CSS_Pyramid\</Temp_FilePath>
<Template_FilePath>Templates\</Template_FilePath>
<Attachment_FilePath>Attachments\</Attachment_FilePath>
<Moved_FilePath>MovedFiles\</Moved_FilePath>
<ErrorLog_FilePath>ErrorLog\CSS_Pyramid\ErrorLog.txt</ErrorLog_FilePath>

<Screenshot_FilePath>ErrorLog\CSS_Pyramid\Screenshots\</Screenshot_FilePath>
<!-- Common Path End -->

<!-- Common Files Start -->
<Cleanup_Filepath>CleanUp.xaml</Cleanup_Filepath>
<Delete_Filepath>DeleteFiles.xaml</Delete_Filepath>
<EnableAddIn_FilePath>EnableAddin.xaml</EnableAddIn_FilePath>
<Exception_FilePath>Exception.xaml</Exception_FilePath>
<GenericException_FilePath>GenericException.xaml</GenericException_FilePath>
<Login_Filepath>Login.xaml</Login_Filepath>
<!-- Common Files End -->

<!-- Pyramid BOT1 Start -->
<GroupConso_File>GroupConso_CSS_Pyramid_Reporting_lastQuarter.xlsb</GroupConso_File>

<ConsoArray>Conso tab_Freshers,Conso tab_DCX,Conso tab_IBSA,Conso tab_CC,Conso tab_APPS1,Conso tab_APPS2,Conso tab_BSV,Conso tab_I&amp;D,Conso tab_INFR,Conso tab_SOG,Conso tab_FS</ConsoArray>

<BuTabArray>FRESHER_INDIA,DCX_INDIA_INDIAATS,IBSA_ARG_Onshore,IBSA_ARG_Offshore,IBSA_BRA,IBSA_MEX,IBSA_COL,CC_FR,CC_UK,CC_GER,CC_IND,CC_US,CC_NL,CC_SWE,CC_NOR,CC_SP,CC_CHINA,CC_BE,CC_FI,CC_SING,APPS1_INDIA_NA,APPS1_INDIA_UK,APPS1_INDIA_LBS,APPS1_USA_NAR,APPS1_UK_AD_AO,APPS1_UK_HMRC,APPS1_AUSTRALIA,APPS1_CHINA,APPS1_CANADA_NAR,APPS1_USA_NAR-GS,APPS1_SEA,APPS1_SWEDEN_NORDICS,APSS1_SWITZERLAND_FSGBU,APSS1_SINGAPORE_IGATE,Apps2_INDIA ATS,Apps2_FRANCE,Apps2_Italy,Apps2_Germany,Apps2_NL,Apps2_SPAIN,Apps2_Poland,Apps2_MOROCCO,Apps2_SWEDEN,Apps2_BELGIUM,Apps2_NORWAY,Apps2_PORTUGAL,Apps2_FINLAND,Apps2_ITALYNOP,Apps2_ROMANIA,Apps2_SWITZERLAND_FSGBU,Apps2_AUSTRIA,Apps2_CZECH_REPUBLIC,Apps2_POLAND_EE,Apps2_HUNGARY,Apps2_NSC_POLAND,Apps2_DENMARK_NORDICS,BS_INDIA_BPOINDIA,BS_POLAND,BS_INDIA_INDIATSOS,BS_CHINA,BS_GUATEMALA_LATAM,BS_BRAZIL_LATAM,BS_UNITED STATES_NAR,BS_FRANCE_PROSODIE,BS_CANADA_FSGBU,BS_CANADA_NAR,BS_SPAIN_SPAIN-PROSODIE,BS_RUSSIA,BS_PHILIPPINES,BS_ROMANIA,BS_UNITED KINGDOM,BS_SWITZERLAND_FSGBU,BS_SWEDEN_BPONORDIC,BS_GERMANY,BS_AUSTRALIA_BPOAU,BS_FRANCE,BS_ITALY,BS_IGATE_SINGAPORE,BS_SPAIN,BS_NORWAY_BPONORDIC,BS_NETHERLANDS_BENELUX,INDGP_IND_TS,INDGP_IND_FSGBU,INDGP_US_NAR,INDGP_FR,INDGP_UK,INDGP_NL,INDGP_US_FSGBU,INDGP_GER,INDGP_UK_FSGBU,INDGP_NOR,INDGP_SP,INDGP_CAN_FSGBU,INDGP_CAN_NAR,INDGP_SA,IS_INDIA_INDIAATS,IS_POLAND,IS_UK,IS_FRANCE,IS_US_NAR,IS_SPAIN,IS_ROMANIA,IS_NETHERLANDS_BENELUX,IS_CANADA_NAR,IS_GERMANY,IS_SWEDEN_NORDIC,IS_FINLAND_NORDIC,IS_CANADA_FSGBU,IS_SWITZERLAND_FSGBU,IS_BELGIUM,IS_DENMARK_NORDIC,IS_SINGAPORE_FSGBU,IS_SINGAPORE_IGATE,SOG_HT_GmbH,SOG_FI,SOG_NO_NO,SOG_IE,SOG_FR_EURIWARE,SOG_FR_COR,SOG_CHE,SOG_LUX,SOG_SING,SOG_IND,SOG_FR_INFRA,SOG_FR_ATS,SOG_FR_HT,SOG_NL,SOG_US,SOG_LUX_BELUX,SOG_SWE,SOG_GER,SOG_HT_SP,SOG_SP,SOG_BEL,SOG_DEN,SOG_UK,SOG_PES_SWITZERLAND,SOG_JAP,SOG_GES,SOG_PES_INDIA,SOG_MOR,SOG_US_NAR,FS_IND,FS_US,FS_SP,FS_FR,FS_UK,FS_NL,FS_CAN,FS_VNM,FS_JAP,FS_CHINA,FS_HKG,FS_MAL,FS_BEL,FS_PHL,FS_UAE,FS_US_NAR,FS_SING,FS_TWN,FS_SA,FS_LUX</BuTabArray>

<ConsoRangeArray>C3,C4,C5,E3,E4,E5</ConsoRangeArray>

<BuTabRangeArray>C3,C4,C5,C6,C7,E3,E4,E5,E6,E7</BuTabRangeArray>
<!-- Pyramid BOT1 End -->

<!-- Pyramid BOT3 Start -->
<Attach_File>_CSS_Pyramid_Reporting_currentQuarter.xlsb</Attach_File>

<Conso_Files>Conso tab_APPS1_CSS_Pyramid_Reporting_QQ.xlsb,Conso tab_APPS2_CSS_Pyramid_Reporting_QQ.xlsb,Conso tab_BSV_CSS_Pyramid_Reporting_QQ.xlsb,Conso tab_CC_CSS_Pyramid_Reporting_QQ.xlsb,Conso tab_DCX_CSS_Pyramid_Reporting_QQ.xlsb,Conso tab_Freshers_CSS_Pyramid_Reporting_QQ.xlsb,Conso tab_I&amp;D_CSS_Pyramid_Reporting_QQ.xlsb,Conso tab_IBSA_CSS_Pyramid_Reporting_QQ.xlsb</Conso_Files>

<LeaversRangeArray>Z25,AA25,AB25,AC25</LeaversRangeArray>

<Fresher_Array>FRESHER_INDIA</Fresher_Array>

<Dcx_Array>DCX_INDIA_INDIAATS</Dcx_Array>

<Ibsa_Array>IBSA_ARG_Onshore,IBSA_ARG_Offshore,IBSA_BRA,IBSA_MEX,IBSA_COL</Ibsa_Array>

<Cc_Array>CC_FR,CC_UK,CC_GER,CC_IND,CC_US,CC_NL,CC_SWE,CC_NOR,CC_SP,CC_CHINA,CC_BE,CC_FI,CC_SING</Cc_Array>

<Apps1_Array>APPS1_INDIA_NA,APPS1_INDIA_UK,APPS1_INDIA_LBS,APPS1_USA_NAR,APPS1_UK_AD_AO,APPS1_UK_HMRC,APPS1_AUSTRALIA,APPS1_CHINA,APPS1_CANADA_NAR,APPS1_USA_NAR-GS,APPS1_SEA,APPS1_SWEDEN_NORDICS,APSS1_SWITZERLAND_FSGBU,APSS1_SINGAPORE_IGATE</Apps1_Array>

<Apps2_Array>Apps2_INDIA ATS,Apps2_FRANCE,Apps2_Italy,Apps2_Germany,Apps2_NL,Apps2_SPAIN,Apps2_Poland,Apps2_MOROCCO,Apps2_SWEDEN,Apps2_BELGIUM,Apps2_NORWAY,Apps2_PORTUGAL,Apps2_FINLAND,Apps2_ITALYNOP,Apps2_ROMANIA,Apps2_SWITZERLAND_FSGBU,Apps2_AUSTRIA,Apps2_CZECH_REPUBLIC,Apps2_POLAND_EE,Apps2_HUNGARY,Apps2_NSC_POLAND,Apps2_DENMARK_NORDICS</Apps2_Array>

<Bs_Array>BS_INDIA_BPOINDIA,BS_POLAND,BS_INDIA_INDIATSOS,BS_CHINA,BS_GUATEMALA_LATAM,BS_BRAZIL_LATAM,BS_UNITED STATES_NAR,BS_FRANCE_PROSODIE,BS_CANADA_FSGBU,BS_CANADA_NAR,BS_SPAIN_SPAIN-PROSODIE,BS_RUSSIA,BS_PHILIPPINES,BS_ROMANIA,BS_UNITED KINGDOM,BS_SWITZERLAND_FSGBU,BS_SWEDEN_BPONORDIC,BS_GERMANY,BS_AUSTRALIA_BPOAU,BS_FRANCE,BS_ITALY,BS_IGATE_SINGAPORE,BS_SPAIN,BS_NORWAY_BPONORDIC,BS_NETHERLANDS_BENELUX</Bs_Array>

<Ind_Array>INDGP_IND_TS,INDGP_IND_FSGBU,INDGP_US_NAR,INDGP_FR,INDGP_UK,INDGP_NL,INDGP_US_FSGBU,INDGP_GER,INDGP_UK_FSGBU,INDGP_NOR,INDGP_SP,INDGP_CAN_FSGBU,INDGP_CAN_NAR,INDGP_SA</Ind_Array>

<Infr_Array>IS_INDIA_INDIAATS,IS_POLAND,IS_UK,IS_FRANCE,IS_US_NAR,IS_SPAIN,IS_ROMANIA,IS_NETHERLANDS_BENELUX,IS_CANADA_NAR,IS_GERMANY,IS_SWEDEN_NORDIC,IS_FINLAND_NORDIC,IS_CANADA_FSGBU,IS_SWITZERLAND_FSGBU,IS_BELGIUM,IS_DENMARK_NORDIC,IS_SINGAPORE_FSGBU,IS_SINGAPORE_IGATE</Infr_Array>

<Sog_Array>SOG_HT_GmbH,SOG_FI,SOG_NO_NO,SOG_IE,SOG_FR_EURIWARE,SOG_FR_COR,SOG_CHE,SOG_LUX,SOG_SING,SOG_IND,SOG_FR_INFRA,SOG_FR_ATS,SOG_FR_HT,SOG_NL,SOG_US,SOG_LUX_BELUX,SOG_SWE,SOG_GER,SOG_HT_SP,SOG_SP,SOG_BEL,SOG_DEN,SOG_UK,SOG_PES_SWITZERLAND,SOG_JAP,SOG_GES,SOG_PES_INDIA,SOG_MOR,SOG_US_NAR</Sog_Array>

<Fs_Array>FS_IND,FS_US,FS_SP,FS_FR,FS_UK,FS_NL,FS_CAN,FS_VNM,FS_JAP,FS_CHINA,FS_HKG,FS_MAL,FS_BEL,FS_PHL,FS_UAE,FS_US_NAR,FS_SING,FS_TWN,FS_SA,FS_LUX</Fs_Array>

<HdctOutRange>K25</HdctOutRange>

<HdctInRange>N25</HdctInRange>

<SalaryIncRange>Q18,Q19,Q20,Q21,Q22,Q23,Q24,R18,R19,R20,R21,R22,R23,R24,T18,T19,T20,T21,T22,T23,T24,U18,U19,U20,U21,U22,U23,U24,V18,V19,V20,V21,V22,V23,V24</SalaryIncRange>

<sheetNameConsoCountryEvolution>CONSO_Country evolution</sheetNameConsoCountryEvolution>

<sheetNameConsoGroup>CONSO_Group</sheetNameConsoGroup>

<sheetNameConsoBUList>CONSO_BU List</sheetNameConsoBUList>

<GroupRangeArray>G25,H25,I25,K25,L25,M25,N25,O25,P25,Q25,R25,T25,U25,V25,X25,Z25,AA25,AB25,AC25,AD25,AE25,AF25,AG25,AI25,AJ25,AK25,AL25,AM25,AN25,AP25,AQ25,AR25,AS25,AU25,AV25,AW25,AU26,AV26,AW26</GroupRangeArray>

<BuListRangeArray1>G166,H166,I166,K166,L166,M166,N166,O166,P166,Q166,R166,T166,U166,V166,X166,Z166,AA166,AB166,AC166,AD166,AE166,AF166,AG166,AI166,AJ166,AK166,AL166,AM166,AN166,AP166,AQ166,AR166,AS166,AU166,AV166,AW166,AU166,AV166,AW166</BuListRangeArray1>

<BuListRangeArray2>G194,H194,I194,K194,L194,M194,N194,O194,P194,Q194,R194,T194,U194,V194,X194,Z194,AA194,AB194,AC194,AD194,AE194,AF194,AG194,AI194,AJ194,AK194,AL166,AM194,AN194,AP194,AQ194,AR194,AS194,AU194,AV194,AW194,AU194,AV194,AW194</BuListRangeArray2>

<BuListRangeArray3>G252,H252,I252,K252,L252,M252,N252,O252,P252,Q252,R252,T252,U252,V252,X252,Z252,AA252,AB252,AC252,AD252,AE252,AF252,AG252,AI252,AJ252,AK252,AL252,AM252,AN252,AP252,AQ252,AR252,AS252,AU252,AV252,AW252,AU252,AV252,AW252</BuListRangeArray3>

<!-- Pyramid BOT3 End -->

<!-- Mail Start -->
<SuccessMail_TO_Freshers>alavala.reddy@capgemini.com,alavala.reddy@capgemini.com,alavala.reddy@capgemini.com,alavala.reddy@capgemini.com</SuccessMail_TO_Freshers>
<SuccessMail_TO_Dcx>alavala.reddy@capgemini.com,alavala.reddy@capgemini.com,alavala.reddy@capgemini.com</SuccessMail_TO_Dcx>
<SuccessMail_TO_Ibsa>alavala.reddy@capgemini.com,alavala.reddy@capgemini.com,alavala.reddy@capgemini.com,alavala.reddy@capgemini.com</SuccessMail_TO_Ibsa>
<SuccessMail_TO_Cc>alavala.reddy@capgemini.com,alavala.reddy@capgemini.com,alavala.reddy@capgemini.com</SuccessMail_TO_Cc>
<SuccessMail_TO_Apps1>alavala.reddy@capgemini.com,alavala.reddy@capgemini.com,alavala.reddy@capgemini.com,alavala.reddy@capgemini.com</SuccessMail_TO_Apps1>
<SuccessMail_TO_Apps2>alavala.reddy@capgemini.com,alavala.reddy@capgemini.com,alavala.reddy@capgemini.com</SuccessMail_TO_Apps2>
<SuccessMail_TO_Bs>alavala.reddy@capgemini.com,alavala.reddy@capgemini.com,alavala.reddy@capgemini.com,alavala.reddy@capgemini.com</SuccessMail_TO_Bs>
<SuccessMail_TO_Ind>alavala.reddy@capgemini.com,alavala.reddy@capgemini.com,alavala.reddy@capgemini.com</SuccessMail_TO_Ind>
<SuccessMail_TO_Infr>alavala.reddy@capgemini.com,alavala.reddy@capgemini.com,alavala.reddy@capgemini.com,alavala.reddy@capgemini.com</SuccessMail_TO_Infr>
<SuccessMail_TO_Sog>alavala.reddy@capgemini.com,alavala.reddy@capgemini.com,alavala.reddy@capgemini.com</SuccessMail_TO_Sog>
<SuccessMail_TO_Fs>alavala.reddy@capgemini.com,alavala.reddy@capgemini.com,alavala.reddy@capgemini.com,alavala.reddy@capgemini.com</SuccessMail_TO_Fs>

<SuccessMail_TO>alavala.reddy@capgemini.com</SuccessMail_TO>
<SuccessMail_CC>alavala.reddy@capgemini.com</SuccessMail_CC>
<SuccessMail_Subject>Automation running for CSS Pyramid Bot is successful for file on DateTime</SuccessMail_Subject>
<SuccessMail_Body>Configuration\Body.txt</SuccessMail_Body>

<Mail_TO_Developer>alavala.reddy@capgemini.com</Mail_TO_Developer>
<Mail_CC_Developer>alavala.reddy@capgemini.com</Mail_CC_Developer>
<Mail_Subject>Automation running for CSS Pyramid Reporting Bot 1 is successful for file on DateTime</Mail_Subject>
<Mail_Body>Successful</Mail_Body>
<!-- Mail End -->

</Configuration>


